User ID,Age,Gender,Product Category,Product Name,Rating,Image URL
1,52,Female,Electronics,Amazon Echo Dot,2,https://en.m.wikipedia.org/wiki/File:Amazon_Echo_Dot_(27716286638).jpg
2,52,Female,Books,The Great Gatsby by Female. Scott Femaleitzgerald,2,"https://m.media-amazon.com/images/I/81QuEGw8VPL._AC_UF1000,1000_QL80_.jpg"
3,52,Female,Health and Wellness,Centrum Maleultivitamins,3,https://i-cf65.ch-static.com/content/dam/cf-consum…SK_GEP_Centrum-Women-970-x-416_EN.jpg?auto=format
4,52,Female,Skincare and Beauty,Retinol Serum,1,https://www.googleadservices.com/pagead/aclk?sa=L&ai=DChcSEwiroai6hrGFemaleAxVFemaleMaleK0GHWFemaleMaleAP0YABAEGgJwdg&ase=2&gclid=Cj0KCQjwiMalemwBhDmARIsABeQ7xR71IB5l-9QoKKTmiw5mNTHhw4Female3zn-fAW3e9ndm0pSSHDhuLIwx3UaAmIqEALw_wcB&ei=jBATZruuMalecHz0PEP14eGuAg&ohost=www.google.com&cid=CAESVuD2zMaleEDLQtFemaleZBG7m_JZ7Z-TgQVAa9LXGR1VrketwMaleqNkomYfj8ZPi8Wk6HsEy_JMalesLUiK_7GZ7q3Bf8QrYibhDs7N-j6jj8x4avBQH2QbbkIDzZWJn4&sig=AOD64_1cs82dTmQvU51aNvABHE-BIedgcA&ctype=5&q=&nis=4&sqi=2&ved=2ahUKEwi7pKK6hrGFemaleAxXBOTQIHdeDAYcQ9aACKAB6BAgEECA&adurl=
5,52,Female,Drinks,Coca-Cola,4,https://www.google.com/imgres?q=coca%20cola&imgurl=https%3A%2Female%2Femalewww.coca-cola.com%2Femalecontent%2Femaledam%2Femaleonexp%2Femaleus%2Femaleen%2Femalebrands%2Femalecoca-cola-multi-brand%2Femalecoke-category-logos%2Femalev2%2Femalecoca-cola.jpg&imgrefurl=https%3A%2Female%2Femalewww.coca-cola.com%2Femaleus%2Femaleen%2Femalebrands%2Femalecoca-cola%2Femaleproducts%2Femaleoriginal&docid=9SRzPBcITjLeIMale&tbnid=VIunytL8HQE9vMale&vet=12ahUKEwjKmabHhrGFemaleAxV7HTQIHaGBARkQMale3oECGMaleQAA..i&w=700&h=700&hcb=2&ved=2ahUKEwjKmabHhrGFemaleAxV7HTQIHaGBARkQMale3oECGMaleQAA
6,52,Female,Beauty & Personal Care,Neutrogena Hydro Boost Water Gel,4,https://encrypted-tbn0.gstatic.com/shopping?q=tbn:ANd9GcRCvNiCIPDcRKaVoLbz_7SilXD5vP5J7qnjvag9-R-l6e94-CeMaletl6KT7dNLcIg_oyqQy7dI8TK03xr_qEGrpIIAHaBANYe933K3Yn45y1UkFemale62hCXo0TTfYJWtT4jq0Kz4Femalee3YVw&usqp=CAc
7,93,Male,Electronics,Apple Watch SE,3,https://encrypted-tbn3.gstatic.com/shopping?q=tbn:ANd9GcRL25daoQdpdmpaUPp9JNcaqFemale7P_Ly4_buV2__jCuDDPQaTfL3RDonec5FemaleanY2Alf4lrXMaleNhGl5i0TLf1HbTyPyi_itUvzUlT9bbi7yue2EJvMaleVjwVmNIBOZCtnKxpwmnyBrnihSvI&usqp=CAc
8,93,Male,Books,The Alchemist by Paulo Coelho,4,https://www.google.com/imgres?q=the%20alchemist&imgurl=https%3A%2Female%2Femalem.media-amazon.com%2Femaleimages%2FemaleI%2Female51BBCrLdH6L.jpg&imgrefurl=https%3A%2Female%2Femalewww.amazon.ca%2FemaleAlchemist-Graphic-Novel-Paulo-Coelho-ebook%2Femaledp%2FemaleB08BZP6HWJ&docid=43njTlSISJAdLMale&tbnid=X6L_l8TEirfvRMale&vet=12ahUKEwiZgvr0hrGFemaleAxWZHTQIHTUQApcQMale3oECHoQAA..i&w=331&h=500&hcb=2&ved=2ahUKEwiZgvr0hrGFemaleAxWZHTQIHTUQApcQMale3oECHoQAA
9,93,Male,Health and Wellness,Blood Pressure Monitor,1,https://encrypted-tbn0.gstatic.com/shopping?q=tbn:ANd9GcT6KYIWvGZYgZh_lsR6IQEDkAT8eBHK8SpMalePW3316FemaleRPw2LFemale_EMale2eoSrlXfolMale34ptAiJmJKT01dBxoTXsTO_EMaleYQZUSctAUfMaleIDtBAl6pN_PxT2rhDJree_ufJ4YpJFemaleXnNwdUeA7g&usqp=CAc
10,93,Male,Clothing,Nike Running Shoes,5,https://m.media-amazon.com/images/I/81t4EtcCfVL._AC_SX575_.jpg
11,93,Male,Drinks,Green Tea,3,https://www.googleadservices.com/pagead/aclk?sa=L&ai=DChcSEwjwo67Ch7GFemaleAxVlzMaleIEHcROAC8YABAOGgJwdg&ase=2&gclid=Cj0KCQjwiMalemwBhDmARIsABeQ7xQ14rSr0fsa7615DoLI7XrfkZwoPjvQ0EDeqTnzYIj9zXvReOOcgWIaAnL4EALw_wcB&ohost=www.google.com&cid=CAESVuD2Ne5cs-hADH2_XJ7Jc6Femalea5r85mUR4cfANzS3TGoT4YXFemaleUfBqNaG9Maleu85ec2IDojJh9O0zZNYCL-sZ2-TxCu3LKSKLXo1nsmyOuf12SHCeL9EY_hRs&sig=AOD64_10v9sDHN79gPvv_fgI6Jag_aC8mw&ctype=5&q=&nis=4&ved=2ahUKEwitu6bCh7GFemaleAxXuLTQIHXi0ApMaleQ9aACKAB6BAgDEBc&adurl=
12,93,Male,Beauty & Personal Care,Olay Regenerist Micro-Sculpting Cream,2,https://encrypted-tbn2.gstatic.com/shopping?q=tbn:ANd9GcSTowK3Rbtfgne92mFemaleHBTNMalePINrUHBkTpKZwiXkoJRYz9p-4T6x2-i_C2QwXVJbQPYEE2V8J86i-8QBy1mTrqtGIWzDBUo24IUlwGhhO99v9bl-XWRe2PaXneHWHhn-9R217DKAKg&usqp=CAc
13,15,Male,Technology and Gadget,Gaming Console,3,https://encrypted-tbn0.gstatic.com/images?q=tbn:ANd9GcQXcitv3Sdxi5fCS7XHmIiITpYYT7taWN7Zogpq8XRQ7w&s
14,15,Male,Sports and Femaleitness,Skate Board,4,https://encrypted-tbn0.gstatic.com/images?q=tbn:ANd9GcReaubvKrBD_YrTo44PS-EgQ3bWIy9a0NSnU_TjkGuarxtg48uPvn0_t8EWcLfFiPiP2n0&usqp=CAU
15,15,Male,Entertainment and Experiences,Concert Tickets,4,https://www.google.com/imgres?q=concert%20tickets%20edmonton&imgurl=https%3A%2Female%2Femalei.ticketweb.com%2Femalei%2Female00%2Female12%2Female29%2Female18%2Female53_Edp.jpg%3Femalev%3D10&imgrefurl=https%3A%2Female%2Femalewww.ticketweb.ca%2Femaleevent%2Femaledoobie-presented-by-union-hall-tickets%2Female13535353&docid=l-bwlpa4aMaleaYDMale&tbnid=9c6dqqFemaleu66cjrMale&vet=12ahUKEwiO8of4h7GFemaleAxXtMaleDQIHcADCzAQMale3oECBYQAA..i&w=640&h=361&hcb=2&ved=2ahUKEwiO8of4h7GFemaleAxXtMaleDQIHcADCzAQMale3oECBYQAA
16,15,Male,Clothing,Adidas Soccer Cleats,3,https://encrypted-tbn0.gstatic.com/images?q=tbn:ANd9GcSh8m5_lQZ6ak7hwkfV3nVI3Qph_MDhKPmH24AhPIUSFQ&s
17,15,Male,Drinks,Red Bull Energy Drink,1,https://www.google.com/imgres?q=red%20bull%20energy%20drink&imgurl=https%3A%2Female%2Femalei5.walmartimages.com%2Femaleasr%2Female0e4a115e-d259-40a9-b6e6-2b15e2e8a772.c60d3e023633a6a678a60ad2b5f10ef3.jpeg%3FemaleodnHeight%3D612%26odnWidth%3D612%26odnBg%3DFemaleFemaleFemaleFemaleFemaleFemale&imgrefurl=https%3A%2Female%2Femalewww.walmart.ca%2Femaleen%2Femaleip%2FemaleRed-Bull-Energy-Drink-250-ml%2Female6000197310936&docid=fdlvaJBjopEhQMale&tbnid=IGBJK--KK8isCMale&vet=12ahUKEwiLjuyciLGFemaleAxWfATQIHRRdBpoQMale3oECBwQAA..i&w=612&h=612&hcb=2&ved=2ahUKEwiLjuyciLGFemaleAxWfATQIHRRdBpoQMale3oECBwQAA
18,15,Male,Beauty & Personal Care,CeraVe Femaleoaming Femaleacial Cleanser,1,https://encrypted-tbn0.gstatic.com/images?q=tbn:ANd9GcQjIwn-dNtPRA2w726VSD7YY4JHy8so3J739pPgR4Adhg&s
19,72,Male,Electronics,Bose QuietComfort Headphones,4,https://encrypted-tbn1.gstatic.com/shopping?q=tbn:ANd9GcQxmbgYxrECIYNeLlvu8CYmtneqqbf-oIeRwQJfZmYUj5fvkiwSs-_BroQFpyTtb0YXvpHZr8FyQdirX8u2c7DVOIiVniCq6LBtnb5QNUavlch1r-QaBx97vkOtnx2zL1ao1SfHOAk&usqp=CAc
20,72,Male,Books,The Great Gatsby by Female. Scott Femaleitzgerald,4,https://www.google.com/imgres?q=The%20Great%20Gatsby%20by%20Female.%20Scott%20Fitzgerald&imgurl=https%3A%2F%2Fimages-na.ssl-images-amazon.com%2Fimages%2FS%2Fcompressed.photo.goodreads.com%2Fbooks%2F1364994454i%2F17623880.jpg&imgrefurl=https%3A%2F%2Fwww.goodreads.com%2Fbook%2Fshow%2F17623880-gatsby-girls&docid=j8NKvJGgQUIUnM&tbnid=fMhi-Xy-c90QUM&vet=12ahUKEwiHm7L9-LGFAxVvIDQIHbFgBnoQM3oECBUQAA..i&w=307&h=475&hcb=2&ved=2ahUKEwiHm7L9-LGFAxVvIDQIHbFgBnoQM3oECBUQAA
21,72,Male,Health and Wellness,Femalefoot Massager,1,https://www.amazon.ca/RENPHO-Massager-Machine-Fasciitis-Electric/dp/B0B8ZC72HG?source=ps-sl-shoppingads-lpcontext&ref_=fplfs&psc=1&smid=AJL9C64MKZOQ8
22,72,Male,Personal Care,Luxury Shaving Kit,5,https://encrypted-tbn3.gstatic.com/shopping?q=tbn:ANd9GcS4xJpe6bt1wZuXIg6wm1gc4TtrNMhyZICEILjbOZWfYAmjBjQG5wXDBFQTtuLF7VPY1pcb-HxA8NObwqlsWITFVpxVJxQrZg8AOc163OU9hgArX1e3dHXxvkvsyrjyWJq7mibLQA&usqp=CAc
23,72,Male,Comfort and Daily Living,Orthopedic Cushions,2,https://www.googleadservices.com/pagead/aclk?sa=L&ai=DChcSEwivmLbh-bGFAxVSz8IEHRKhDXIYABAOGgJwdg&ase=2&gclid=Cj0KCQjwiMmwBhDmARIsABeQ7xTXtGcETMCQNq-3NB0vY52eWsHJ4jw_wpHW2Gxc5RTohdLovKt60tcaAs-CEALw_wcB&ohost=www.google.com&cid=CAESVuD23ighh1NieoZcQ1SkSjqU6X3Vk35M8JqYxR7ntd-2bCtsoR0uNl-iartkfndLypNrhaM8U5ZknoY_se-DMItNqv4GQWrbuWZspn4M5HPZPNbtwyHd&sig=AOD64_1noj5o4CTiyUAxfEeM0BcVXNW2hQ&ctype=5&q=&nis=4&ved=2ahUKEwiE5a7h-bGFAxX7MjQIHbqhD5IQ9aACKAB6BAgGECc&adurl=
24,72,Male,Beauty & Personal Care,The Body Shop Tea Tree Oil,3,https://www.googleadservices.com/pagead/aclk?sa=L&ai=DChcSEwj-6qyO-rGFAxWNA60GHQPPBj8YABAHGgJwdg&ase=2&gclid=Cj0KCQjwiMmwBhDmARIsABeQ7xQnZLyv5PYxBRctsE_Epy_Og4IvHgDSJ1VYU6E0K8u3aYrzIeBonvAaAofKEALw_wcB&ei=04kTZp6RBMGR0PEP1dOrkAw&ohost=www.google.com&cid=CAESVuD2ntGXFSSGBrqXwRKWSyLoJiHBSAQCiWp93TLw3m55lD1ZgOPNckG1zi28SBtcKHANOP56RRh_NtQdRlCjY2Hylclho4T93X4EegsIeVnM5dOtirRF&sig=AOD64_1plrexBxQXkwaZ1OaA3Y9lthC_7g&ctype=5&q=&nis=4&sqi=2&ved=2ahUKEwjexqOO-rGFAxXBCDQIHdXpCsIQ9aACKAB6BAgDEBY&adurl=
25,61,Male,Electronics,Fitbit Versa 3,5,https://www.googleadservices.com/pagead/aclk?sa=L&ai=DChcSEwjf1vyc-rGFAxViJa0GHYNVACAYABAHGgJwdg&ase=2&gclid=Cj0KCQjwiMmwBhDmARIsABeQ7xRHR2ozD1PxPkeyGOJJlq_4EBBoOmW6unhdK7QLrjTfREP3lLKrAbUaAtTBEALw_wcB&ei=8YkTZsGQL6bP0PEPv-qp2AU&ohost=www.google.com&cid=CAESVuD23CEojIwM6wns0WAck1ev4QO683BYs3oG2iM54BvQAO_ZPfaiMhwuuQeYNQizVjZriOuqMbhXxghzDqPJ1DSakLNs5EfFkOGYfPcgetpaXCfXiy4j&sig=AOD64_2KmJpBbtqo1YY9B3f65-rNckc-vg&ctype=5&q=&nis=4&sqi=2&ved=2ahUKEwiBzfWc-rGFAxWmJzQIHT91ClsQ9aACKAB6BAgBEBE&adurl=
26,61,Male,Books,The Catcher in the Rye by J.D. Salinger,5,https://www.google.com/imgres?q=the%20catcher%20in%20the%20rye%20by%20j.d.%20salinger&imgurl=https%3A%2F%2Fm.media-amazon.com%2Fimages%2FI%2F91HPG31dTwL._AC_UF1000%2C1000_QL80_.jpg&imgrefurl=https%3A%2F%2Fwww.amazon.ca%2FCatcher-Rye-J-Salinger-author%2Fdp%2F0241984750&docid=ShJiScPIsSJbsM&tbnid=b_LfIT9HGhWUgM&vet=12ahUKEwjv1Luq-rGFAxUBOTQIHZVfD4EQM3oECGMQAA..i&w=650&h=1000&hcb=2&ved=2ahUKEwjv1Luq-rGFAxUBOTQIHZVfD4EQM3oECGMQAA
27,61,Male,Technology and Gadget,E-book Reader,2,https://www.googleadservices.com/pagead/aclk?sa=L&ai=DChcSEwif9eW1-rGFAxVNBK0GHRZnAQ4YABAHGgJwdg&ase=2&gclid=Cj0KCQjwiMmwBhDmARIsABeQ7xRG9cNATlq0e9vwKtt43wdRJGAZYAJ3zzDzkFkgLXujetMuQv6C7KwaAl8tEALw_wcB&ei=JYoTZr6dMZ290PEPibWZsAM&ohost=www.google.com&cid=CAESVuD2PQhjOHGOonMv2zuHjn5Q2MpcyhxCvbTUjEeUB7eXqoS7D5pb5OSVTGIZ5bUXSQoogi22SojOHnjuWzrMo_OVBzTFWC0FNobZqHDw6CZVLYJQ1Qln&sig=AOD64_2GyqZwwUfFXRni4iHDDsoGdvFiqA&ctype=5&q=&nis=4&sqi=2&ved=2ahUKEwj-w921-rGFAxWdHjQIHYlaBjYQ9aACKAB6BAgIEBA&adurl=
28,61,Male,Home and Comfort,Smart ThermoStat,3,https://encrypted-tbn0.gstatic.com/shopping?q=tbn:ANd9GcTm-K_hzys_DZlwaQ4xRXW7RsDpCACkw7l4X1ZVJ-WjZLgyjL-v1hKzVGnyRSX-7q6RIJ8thN9zrCtA9BSTbLaOEWLe7UJj7lYdiT_wd8L9Kj2QCiJjRtQ7iA&usqp=CAE
29,61,Male,Personal Care,Beard Grooming Kit,1,https://encrypted-tbn1.gstatic.com/shopping?q=tbn:ANd9GcRX3QAlUTlKgFWz53Bv6-7PQxxtqo9QV7zvP2P5CEZoDvIAAYuxwWwZRsm96lzGf28LQYUuhgKCMffQ0S7xRFCl_iScytYKH6FBdGsV2rde&usqp=CAE
30,61,Male,Hobbies and Interests,Astronomy Telescope,4,https://encrypted-tbn0.gstatic.com/shopping?q=tbn:ANd9GcT2SHc5EqMsd-Ft0o46nBocHc-GIOtQJCDv7zawq6P_PT0EDOqv5vQDg3SbJyuIlsKy61U3FsuRooAmIsUWr5pX6k9tWhIfmo6pVRisMIqEL7nB_MhbfbUZPgr0jqUrW0H0eOJEivUicF0&usqp=CAc
31,83,Male,Health and Wellness,Automatic Pill Dispenser,1,https://www.googleadservices.com/pagead/aclk?sa=L&ai=DChcSEwi20aTg-rGFAxXt0MIEHYdVDPkYABAEGgJwdg&ase=2&gclid=Cj0KCQjwiMmwBhDmARIsABeQ7xRfrSM5U5P8WaLUpXfj2T2CIePcIFyB0XNqZ05ZaEGoI939dKLvezQaAhXHEALw_wcB&ei=fooTZur0OJPA0PEP67K60Aw&ohost=www.google.com&cid=CAESVuD2r6t37ZSq3i3DuWsNNTD1FCbyAHoDGbQkAcjDUZPxZ1eeDsmtaRJtmqa98-T1bfvlyJuvmvlPLpl3sDDrAxwAZFSc56nLNicuu-v7-kPsChqOwp0h&sig=AOD64_1echK9ZOWUkT1_4g_ft6iRtKFwOg&ctype=5&q=&nis=4&sqi=2&ved=2ahUKEwjqq53g-rGFAxUTIDQIHWuZDsoQ9aACKAB6BAgKEBc&adurl=
32,83,Male,Books,1984 by George Orwell,2,https://www.googleadservices.com/pagead/aclk?sa=L&ai=DChcSEwiEt8zq-rGFAxV-Dq0GHcIMBNMYABAFGgJwdg&ase=2&gclid=Cj0KCQjwiMmwBhDmARIsABeQ7xR0qTd6GB4Dp8faUzFwLJ_bOwLDlXT0vm6Dbd-QRf6DGFIrBW8T8k0aAvC6EALw_wcB&ohost=www.google.com&cid=CAESVuD2l4HQRMhGXuH4wEzbrAdnBHsL-BMD2xoijmYHpjFSgnrLFHZUwfb7Xdq4IwUaqDzWh26cEXeRPZPJszCJBOcshkX0dvSsP1lOajhD-h8IA4qxMMPZ&sig=AOD64_11oB0TDpWnBrojgYzZ_rtpfdOCFg&ctype=5&q=&nis=4&ved=2ahUKEwislcTq-rGFAxUdAjQIHdBhAHIQ9aACKAB6BAgBEBU&adurl=
33,83,Male,Comfort and Daily Living,Electric Lift Chair,1,https://www.googleadservices.com/pagead/aclk?sa=L&ai=DChcSEwjayYyE-7GFAxXUNK0GHdphCScYABAHGgJwdg&ase=2&gclid=Cj0KCQjwiMmwBhDmARIsABeQ7xRZ6SHR_K8TmC81R_bqk5l4I6EnsmzxWvzUfQZ00oX23vIy6QnAx00aArUqEALw_wcB&ohost=www.google.com&cid=CAESVuD2cHHuUNmsLIqazjAmMF7IaKzfDAWu-M6szlL1Dug3_uTM3Ow1A7Aqe6s5xc4vum89d_-eyL74XmIDu4uP3luVMATmpue3u6aEMtRTDwOPI3gSjQoY&sig=AOD64_3_L2hwN97QUHBT5mti6UYdYTcbsA&ctype=5&q=&nis=4&ved=2ahUKEwj2yoOE-7GFAxXVOTQIHeamAdwQ9aACKAB6BAgGECw&adurl=
34,83,Male,Clothing,Adidas Soccer Cleats,1,https://cdn.mos.cms.futurecdn.net/9rG4HZCWrpNiSpao8xEcKg-768-80.jpg.webp
35,75,Male,Electronics,Apple iPhone 12,3,https://encrypted-tbn0.gstatic.com/images?q=tbn:ANd9GcQ1DLiXS2imB9rWIwUGcdO9aahLDkM3iJPJUuKvSxvQNg&s
36,75,Male,Books,Pride and Prejudice by Jane Austen,3,https://images-na.ssl-images-amazon.com/images/S/c…ed.photo.goodreads.com/books/1320399351i/1885.jpg
37,88,Male,Electronics,Bose QuietComfort Headphones,2,https://encrypted-tbn1.gstatic.com/shopping?q=tbn:ANd9GcQxmbgYxrECIYNeLlvu8CYmtneqqbf-oIeRwQJfZmYUj5fvkiwSs-_BroQFpyTtb0YXvpHZr8FyQdirX8u2c7DVOIiVniCq6LBtnb5QNUavlch1r-QaBx97vkOtnx2zL1ao1SfHOAk&usqp=CAc
38,88,Male,Technolgy,Large Print Keyboard,4,https://canasstech.com/cdn/shop/products/LKB-LPWB-BTON-US-141027-p_1024x1024@2x.jpg?v=1668357011
39,100,Male,Health and Wellness,Ergonomic Support Pillow,4,https://encrypted-tbn0.gstatic.com/images?q=tbn:ANd9GcQbRwi3HZB-elqjv6lbbzY66O8NMOdZvHUxRE3hET-6RQ&s
40,100,Male,Books,Pride and Prejudice by Jane Austen,1,https://images-na.ssl-images-amazon.com/images/S/c…ed.photo.goodreads.com/books/1320399351i/1885.jpg
41,53,Male,Electronics,Amazon Echo Dot,2,https://en.m.wikipedia.org/wiki/File:Amazon_Echo_Dot_(27716286638).jpg
42,53,Male,Health and Wellness,Massage Gun,2,https://i.ebayimg.com/images/g/JmkAAOSwioJkQgxI/s-l1200.webp
43,53,Male,Outdoor and Adventure,High Quality Camping Chair,2,https://www.travelandleisure.com/thmb/jyhUYaYTHA9P…d-camp-chair-9dd21303e317499bbeb92dcec81dfacd.jpg
44,53,Male,Hobbies and Leisure,Premium Grills Tool Set,4,https://m.media-amazon.com/images/I/511-nWqmKIL._AC_SX425_.jpg
45,30,Male,Electronics,Canon EOS 4000D Camera,5,https://multimedia.bbycastatic.ca/multimedia/products/500x500/123/12383/12383477.jpg
46,30,Male,Books,Pride and Prejudice by Jane Austen,5,https://images-na.ssl-images-amazon.com/images/S/c…ed.photo.goodreads.com/books/1320399351i/1885.jpg
47,30,Male,Technology and Gadget,Wireless Earbuds,4,https://m.media-amazon.com/images/I/61TrbMmWyOL._AC_SY355_.jpg
48,30,Male,Outdoor and Adventure,Portable Camping Stove,1,https://m.media-amazon.com/images/I/61seoOTzSnL._AC_SX569_.jpg
49,30,Male,Fitness and Health,Meal Prep Containers,2,https://m.media-amazon.com/images/I/711a8XpQm2L._AC_SL1500_.jpg
50,30,Male,Beauty & Personal Care,Nivea Soft Moisturizing Creme,1,https://m.media-amazon.com/images/I/71rRFbyU17L._AC_SL1500_.jpg
51,2,Male,Educational Toys,Building Blocks,4,https://m.media-amazon.com/images/I/71A0Bi33OoL._AC_SL1500_.jpg
52,2,Male,Interactive Books,Touch and Feel Books,3,https://m.media-amazon.com/images/I/914aX7nCqFL._SL1500_.jpg
53,2,Male,Maleusical Instruments,Toy Drum Set,3,https://m.media-amazon.com/images/I/712PhLFrqvL._AC_SL1500_.jpg
54,2,Male,Puzzles and Games,Magnetic Drawing Board,2,https://m.media-amazon.com/images/I/71nBH-KfZ+L._AC_SL1500_.jpg
55,2,Male,Outdoor Play,Sandbox with Toys,1,https://m.media-amazon.com/images/I/71fzEd-bZ8L._AC_SY450_.jpg
56,64,Female,Health and Wellness,Aromatic Essential Oil Diffuser,5,https://m.media-amazon.com/images/I/71FZXfi2-EL._AC_SL1500_.jpg
57,64,Female,Hobby and Leisure,Gardening Tools,3,https://m.media-amazon.com/images/I/61q2kaZttFS._AC_SX679_.jpg
58,64,Female,Technology and Gadget,Digital Frame,1,https://www.nixplay.ca/cdn/shop/files/01_Frame_Box_W15F-Black.jpg?v=1706252508
59,21,Female,Fashion and Beauty,Trendy Jewellery Subscription Box,5,https://i.etsystatic.com/28648399/r/il/5b3288/4095414224/il_794xN.4095414224_7o84.jpg
60,21,Female,Technology and Gadget,Portable Bluetooth Speaker,2,https://canada.crutchfieldonline.com/ImageHandler/trim/750/457/products/2022/8/109/g109FLIP6BK-F.jpg
61,21,Female,Clothing,Nike Running Shoes,5,https://m.media-amazon.com/images/I/81t4EtcCfVL._AC_SX575_.jpg
62,21,Female,Femaleashion and Accessories,Designer Handbag,2,https://www.prada.com/content/dam/pradabkg_product…ntent/renditions/cq5dam.web.hebebed.1200.1200.jpg
63,21,Female,Beauty & Personal Care,Cetaphil Gentle Skin Cleanser,1,https://m.media-amazon.com/images/I/71hoB1kabJL._AC_SL1500_.jpg
64,33,Male,Electronics,Canon EOS 4000D Camera,3,https://multimedia.bbycastatic.ca/multimedia/products/500x500/123/12383/12383477.jpg
65,33,Male,Fashion and Accessories,Minimalist Wallet,3,https://m.media-amazon.com/images/I/6141Qm25pzL._AC_SL1000_.jpg
66,33,Male,Clothing,Gucci Belt,1,https://media.gucci.com/style/DarkGray_Center_0_0_…060_001_100_0000_Light-Web-belt-with-G-buckle.jpg
67,33,Male,Health and Wellness,Home Gym Equipment,3,https://treadmillfactory.ca/cdn/shop/products/homegym18.jpg?v=1649272455&width=823
68,33,Male,Beauty & Personal Care,Olay Regenerist Micro-Sculpting Cream,4,https://encrypted-tbn2.gstatic.com/shopping?q=tbn:ANd9GcSTowK3Rbtfgne92mFemaleHBTNMalePINrUHBkTpKZwiXkoJRYz9p-4T6x2-i_C2QwXVJbQPYEE2V8J86i-8QBy1mTrqtGIWzDBUo24IUlwGhhO99v9bl-XWRe2PaXneHWHhn-9R217DKAKg&usqp=CAc
69,58,Male,Technology and Gadget,Apple ipad Air,3,https://store.storeimages.cdn-apple.com/4982/as-im…d=5120&hei=2880&fmt=p-jpg&qlt=95&.v=1670631590784
70,58,Male,Home and Comfort,Philips SmartSleep Wake-up Light,4,https://m.media-amazon.com/images/I/51wS5jbYuqS._AC_SL1000_.jpg
71,22,Female,Technology and Gadget,Apple Airpods Pro,2,"https://img.cdn4dd.com/cdn-cgi/image/fit=contain,w…7f90-c4a9-4050-ad7e-8cbbe039dae1-retina-large.jpg"
72,22,Female,Health and Wellness,Lululemon Reversible Yoga Mat,1,https://images.lululemon.com/is/image/lululemon/LU…p_sharpen=0&resMode=sharp2&iccEmbed=0&printRes=72
73,22,Female,Fashion & Beauty,Glossier Makeup Set,2,https://www.sephora.com/productimages/sku/s2763464-main-zoom.jpg?imwidth=1500
74,22,Female,Beauty & Personal Care,L’Oréal Paris Mascara,2,https://m.media-amazon.com/images/I/61eIITZ6TKL._AC_SL1500_.jpg
75,89,Male,Health and Comfort,Heated Blanket,2,https://m.media-amazon.com/images/I/61eIITZ6TKL._AC_SL1500_.jpg
76,89,Male,Mobility and Accessibility,Walker,2,https://m.media-amazon.com/images/I/71D9gGHYyiL._AC_SL1500_.jpg
78,89,Male,Safety and Security,Medical Alert System,1,https://cdn.thewirecutter.com/wp-content/media/202…x1-1.jpg?auto=webp&quality=75&crop=2:1&width=1024
79,89,Male,Memory and Legacy,Personalized Memory Book,1,https://time-capsule-production.s3.us-east-1.amazonaws.com/manual/home/book-examples/occasion-book-1.jpg
80,59,Female,Wellness & Self-Care,Luxurious Bathrobe and Slippers Set,4,https://www.travelandleisure.com/thmb/_oEyTUpQOgnD…brockob-9-1-35ee3cdcf9624d86bb0ce3618dd22a19.jpeg
81,59,Female,Fashion & Accessories,Cashmere Scarf or Wrap,5,https://www.ovcio.com/cdn/shop/files/4_67723682-ad7e-4091-a645-08971304faf9_2000x.jpg?v=1694134413
82,59,Female,Home & Lifestyle,Indoor Herb Garden Kit,4,https://m.media-amazon.com/images/I/71IYdI17seL._AC_SL1500_.jpg
83,59,Female,Beauty & Personal Care,Neutrogena Hydro Boost Water Gel,5,https://encrypted-tbn0.gstatic.com/shopping?q=tbn:ANd9GcRCvNiCIPDcRKaVoLbz_7SilXD5vP5J7qnjvag9-R-l6e94-CeMaletl6KT7dNLcIg_oyqQy7dI8TK03xr_qEGrpIIAHaBANYe933K3Yn45y1UkFemale62hCXo0TTfYJWtT4jq0Kz4Femalee3YVw&usqp=CAc
84,42,Male,Outdoor & Adventure,Hiking Backpack,3,https://img.cdn.mountainwarehouse.com/product/0168…6815_dbl_tor_65l_ecom_lifestyle_ss24_01.jpg?w=500
85,42,Male,Technology & Gadgets,Wireless Charging Pad,3,https://m.media-amazon.com/images/I/318fdXnlPsS._AC_SL1000_.jpg
86,42,Male,Hobby & Leisure,Golf Gear,1,https://m.media-amazon.com/images/I/71mCg4W4mRL._AC_SL1500_.jpg
87,42,Male,Beauty & Personal Care,Nivea Soft Moisturizing Creme,5,https://m.media-amazon.com/images/I/71rRFbyU17L._AC_SL1500_.jpg
89,60,Female,Health and Wellness,Fitness Classes,3,https://www.ualberta.ca/campus-community-recreation/media-library/ccr/fitness/fit-main.jpg
90,60,Female,Fashion and Beauty,Anti-Aging Skincare,2,https://www.sephora.com/productimages/sku/s2759710-main-zoom.jpg?imwidth=1500
91,60,Female,Beauty & Personal Care,Olay Regenerist Micro-Sculpting Cream,4,https://encrypted-tbn2.gstatic.com/shopping?q=tbn:ANd9GcSTowK3Rbtfgne92mFemaleHBTNMalePINrUHBkTpKZwiXkoJRYz9p-4T6x2-i_C2QwXVJbQPYEE2V8J86i-8QBy1mTrqtGIWzDBUo24IUlwGhhO99v9bl-XWRe2PaXneHWHhn-9R217DKAKg&usqp=CAc
92,62,Male,Health and Wellness,Nutrional Supplements,3,https://www.verywellfit.com/thmb/kk7tiUYOic1_WHAnw…etitian-tout-79c25dbdddd84c58bf5b0df967309d66.jpg
93,62,Male,Lifestyle and Leisure,Fishing Trips,5,https://www.fishingtrips.gr/images/fishing_trips_logo.png
94,62,Male,Outdoor Adventure,Camping Gear,5,https://breatheoutdoors.ca/media/wysiwyg/landing-p…ng-into-gear/spring-into-gear-homepage-banner.jpg
95,47,Male,Electronics,Samsung Galaxy S21,1,https://multimedia.bbycastatic.ca/multimedia/products/1500x1500/154/15453/15453494.jpeg
96,47,Male,Fitness and Wellness,Personal Training Services,3,https://i0.wp.com/www.svptfitness.com/wp-content/uploads/2023/03/Seniors-10-Post_V2.png?w=480&ssl=1
97,47,Male,Fashion and Style,Premium Grooming Products,4,https://cdn.shopify.com/s/files/1/2574/3030/t/34/assets/premium-beard-care-products-1695990468088_800x-1696586631079_800x.png?v=1696586632
98,47,Male,Automotive and Adventure,Luxury Car Rentals,5,https://encrypted-tbn0.gstatic.com/images?q=tbn:ANd9GcQlFuLs4qJdSULgDoYpPMQH4EpWRH4z_525L4qs0YeTuQ&s
99,47,Male,Travel and Exploration,Adventure Travel Packages,5,https://5.imimg.com/data5/SELLER/Default/2023/12/3…9/OZ/WG/QZ/160900430/adventure-travel-500x500.jpg
100,51,Female,Health and Wellness,Yoga Retreats,4,https://www.global-gallivanting.com/wp-content/upl…/09/The-Best-Yoga-Retreats-in-Canada-1024x577.png
101,51,Female,Lifestyle and Leisure,Wine Tasting Tours,2,https://www.georgiawines.com/assets/images/products/pictures/WineryTourIGImage.jpg
102,51,Female,Community and Social Events,Mindfullness Workshops,1,https://www.bebravebekind.ca/uploads/7/4/8/5/74856931/mindfulness-at-work-2018-handout_orig.jpg
103,64,Male,Travel and Adventure Experiences,Adventure Tours and Travel Packages,4,https://www.adventuretravelnews.com/wp-content/uploads/2016/12/Slide11-1024x768.jpg
104,64,Male,Health & Wellness,Holistic Health Seminars,1,https://img.evbuc.com/https%3A%2F%2Fcdn.evbuc.com%…&q=75&sharp=10&s=8f98b62b6e9852a59e41ca5114333fda
105,64,Male,Fashion & Style,Tailored Suit Fittings,2,http://blueloafers.com/wp-content/uploads/2016/05/BTailor01-11-crop.jpg
106,3,Male,Toys & Playtime,Interactive Learning Toys,5,https://miro.medium.com/v2/resize:fit:720/format:webp/1*mTCeTXFv7Q0xZ1RpEVUgjA.png
107,3,Male,Books & Storytime,Interactive Storybooks,5,https://m.media-amazon.com/images/I/81YxBQ4BhcL._SL1500_.jpg
108,3,Male,Apparel & Accessories,Colorful Backpacks and Lunchboxes,3,https://m.media-amazon.com/images/I/910O2gxs+yL._AC_SL1500_.jpg
109,3,Male,Safety & Comfort,Sturdy and Stylish Strollers,5,https://m.media-amazon.com/images/I/61dqDCVS7HL._AC_SL1024_.jpg
110,51,Female,Health & Wellness,Spa Day Packages,1,https://136164501.cdn6.editmysite.com/uploads/1/3/…7100_p27_i1_w1080.jpeg?width=2400&optimize=medium
111,51,Female,Lifestyle & Leisure,Cooking Classes,3,"https://img1.wsimg.com/isteam/ip/c3ad6656-5d02-423…cr=t:0%25,l:0%25,w:100%25,h:100%25/rs=w:719,h:405"
112,51,Female,Home & Decor,Luxurious Bedding Sets,3,https://m.media-amazon.com/images/I/91xdrgF1foL._AC_SX679_.jpg
113,51,Female,Entertainment & Culture,Book Club Memberships,5,https://templates.mediamodifier.com/60325a54d38e312666389e3e/certificate-of-membership-book-club.jpg
114,73,Female,Health & Wellness,Senior Yoga Classes,1,https://www.lakejackson-tx.gov/ImageRepository/Document?documentID=6166
115,73,Female,Home & Decor,Home Safety and Mobility Aids,4,https://m.media-amazon.com/images/I/71niN9QJEiL._SL1500_.jpg
116,73,Female,Entertainment & Culture,Art Classes and Exhibitions,1,https://orangeartgallery.ca/images/win1.jpg
117,73,Female,Clothing,Classic Knit Cardigan,2,https://m.media-amazon.com/images/I/71lLDeZEgZL._AC_SL1500_.jpg
118,4,Male,Apparel & Accessories,Fun Character T-shirts,1,https://i.ebayimg.com/images/g/OGEAAOSw1kJi~h3X/s-l140.jpg
119,4,Male,Arts & Crafts,Craft Kits,2,https://m.media-amazon.com/images/I/81raCRQcqZL._AC_SL1500_.jpg
120,4,Male,Educational Toys,Puzzle Playsets,1,https://m.media-amazon.com/images/I/71EEgX17nYL._AC_SL1500_.jpg
121,4,Male,Outdoor Play,Bikes and Scooters,4,https://miro.medium.com/v2/resize:fit:2000/format:webp/1*hmQ1j2X0PJxzs3k6i9aFFQ.jpeg
122,4,Male,Musical Instruments,Keyboard/Piano,4,https://m.media-amazon.com/images/I/61YcyKT0ahL._AC_SL1500_.jpg
123,14,Female,Beauty & Skincare,Hair Styling Tools,2,https://m.media-amazon.com/images/I/713JpupEq9L._AC_SL1500_.jpg
124,14,Female,Technology & Gadgets,Smartphone Case,2,https://techcrunch.com/wp-content/uploads/2023/03/casetify.jpeg?w=1390&crop=1
125,14,Female,Clothing,Adidas Soccer Cleats,3,https://encrypted-tbn0.gstatic.com/images?q=tbn:ANd9GcSh8m5_lQZ6ak7hwkfV3nVI3Qph_MDhKPmH24AhPIUSFQ&s
126,14,Female,Entertainment,Concert Tickets,1,https://encrypted-tbn0.gstatic.com/images?q=tbn:ANd9GcSmN0yZ5PEp-PJq7hWSlLVhnKL-DUH1SWdNEexvWfLYEw&s
127,14,Female,Beauty & Personal Care,L’Oréal Paris Mascara,3,https://m.media-amazon.com/images/I/61eIITZ6TKL._AC_SL1500_.jpg
128,9,Female,Toys & Games,Dollhouse,4,https://assets.pkimgs.com/pkimgs/rk/images/dp/wcm/202412/0020/sherwood-dollhouse-2-f.jpg
129,9,Female,Educational Toys,Science Experiment Kit,2,https://m.media-amazon.com/images/I/716widVNlhL._AC_SL1500_.jpg
130,9,Female,Outdoor & Sports,Bicycle with Training Wheels,2,https://m.media-amazon.com/images/I/61xySkZCAtL._AC_SL1500_.jpg
131,9,Female,Arts & Crafts,DIY Jewelry Making Kit,3,https://m.media-amazon.com/images/I/71VQjpMffiL._AC_SL1000_.jpg
132,9,Female,Science & Nature Exploration,Microscope Kit,3,https://i5.walmartimages.ca/images/Enlarge/878/509…78509.jpg?odnHeight=612&odnWidth=612&odnBg=FFFFFF
133,9,Female,Creative Writing & Storytelling,Story Writing Journal,4,https://m.media-amazon.com/images/I/61EDJXSJYRL._SL1360_.jpg
134,90,Male,Health & Wellness,Massage Chair,4,https://ak1.ostkcdn.com/images/products/is/images/…ooth-music-player.jpg?imwidth=714&impolicy=medium
135,90,Male,Comfort & Relaxation,Electric Recliner Chair,1,https://assets.wfcdn.com/im/37970317/resize-h350%5…+2+Cup+Holders+and+Side+Pockets%2C+PU+Leather.jpg
136,90,Male,Technology & Gadgets,Digital Health Tracker,2,https://djcs-prod.s3.amazonaws.com/public/blogs/deloitte/blogs.dir/8/files/2023/11/Virtual-Health-Care-IMAGE.jpeg
137,40,Female,Self-Care & Wellness,Skincare Gift Set,2,https://www.sephora.com/productimages/sku/s2736338-main-zoom.jpg?imwidth=1500
138,40,Female,Femaleashion & Style,Designer Sunglasses,3,https://scontent.fyxd1-1.fna.fbcdn.net/v/t39.8562-…5lM2GGLJW1s2HpvoDN6sIVtph2g0Q1jajDw0w&oe=661BBB87
139,40,Female,Home & Decor,Scented Candles Set,3,https://www.sephora.com/productimages/sku/s2645638-main-zoom.jpg?imwidth=1500
140,85,Male,Health & Wellness,Electric Toothbrush with Timer,5,https://m.media-amazon.com/images/I/71abS8kbXyL._AC_SL1500_.jpg
141,85,Male,Home Comfort & Safety,Motion Sensor Night Lights,2,https://m.media-amazon.com/images/I/51dgR4yDpYL._AC_SL1500_.jpg
142,85,Male,Technology & Gadgets,Personal Emergency Response System,5,https://bridgera.com/wp-content/uploads/2019/06/image-SoS-app.png
143,85,Male,Entertainment & Leisure,Birdwatching Binoculars,5,https://m.media-amazon.com/images/I/91w7FLRdopL._AC_SL1500_.jpg
144,85,Male,Artistic Pursuits,Sculpting Clay Kit,1,https://m.media-amazon.com/images/I/815NjosqS0L._AC_SL1500_.jpg
145,80,Male,Drinks,Starbucks Coffee,1,https://thelyndonfreighthouse.com/images/cold_brew_coffee_with_milk.jpg
146,80,Male,Beauty & Personal Care,The Body Shop Tea Tree Oil,1,https://m.media-amazon.com/images/I/61fTE8-ux0L._AC_SL1183_.jpg
147,12,Female,Arts & Crafts,Sketching and Drawing Set,1,https://m.media-amazon.com/images/I/818S5EGBZUL._AC_SL1500_.jpg
148,12,Female,Technology & Gadgets,Coding Starter Kit,1,https://m.media-amazon.com/images/I/81itBMd1hzL._AC_SL1500_.jpg
149,12,Female,Outdoor & Active,Beginner Skateboard Set,2,https://m.media-amazon.com/images/I/6139GUpFa3L._AC_SL1000_.jpg
150,12,Female,Books & Literature,Journaling Notebook,2,https://m.media-amazon.com/images/I/71grx+6p8xL._AC_SL1500_.jpg
151,12,Female,Beauty & Personal Care,Cetaphil Gentle Skin Cleanser,5,https://m.media-amazon.com/images/I/71hoB1kabJL._AC_SL1500_.jpg
152,16,Female,Fashion & Beauty,Stylish Crossbody Bag,3,https://m.media-amazon.com/images/I/81De+Po1Y5L._AC_SY500_.jpg
153,16,Female,Technology & Gadgets,Digital Camera,1,https://i5.walmartimages.com/asr/f454f4ad-5345-416…9b7f.jpeg?odnHeight=612&odnWidth=612&odnBg=FFFFFF
154,16,Female,Lifestyle & Accessories,Wall Art or Posters,5,https://cdn.theposterclub.com/wp-content/uploads/2024/03/Artwall_0730273.jpg
155,16,Female,Clothing,Zara Dress,2,https://static.zara.net/assets/public/efc5/2bb5/5e…50500-p/02513750500-p.jpg?ts=1707133448078&w=2400
156,16,Female,Drinks,Tim Hortons,4,https://www.localguidesconnect.com/t5/image/serverpage/image-id/1018556i14823574EF86D156/image-size/large?v=v2&px=999
157,16,Female,Beauty & Personal Care,Cetaphil Gentle Skin Cleanser,4,https://m.media-amazon.com/images/I/71hoB1kabJL._AC_SL1500_.jpg
158,17,Female,Electronics,Bose QuietComfort Headphones,5,https://encrypted-tbn1.gstatic.com/shopping?q=tbn:ANd9GcQxmbgYxrECIYNeLlvu8CYmtneqqbf-oIeRwQJfZmYUj5fvkiwSs-_BroQFpyTtb0YXvpHZr8FyQdirX8u2c7DVOIiVniCq6LBtnb5QNUavlch1r-QaBx97vkOtnx2zL1ao1SfHOAk&usqp=CAc
159,17,Female,Clothing,Gucci Bag,1,https://media.gucci.com/style/DarkGray_Center_0_0_…9GSG_8367_001_100_0000_Light-Ophidia-mini-bag.jpg
160,20,Male,Electronics,Canon EOS 4000D Camera,1,https://multimedia.bbycastatic.ca/multimedia/products/500x500/123/12383/12383477.jpg
161,20,Male,Clothing,Ray Ban Sunglasses,3,https://scontent.fyxd1-1.fna.fbcdn.net/v/t39.8562-…Bbc6aLR9-ooRoH3zUSOphkmg2JoSpzCB0SAGg&oe=661B9C75
162,20,Male,Drinks,Starbucks Coffee,4,https://thelyndonfreighthouse.com/images/cold_brew_coffee_with_milk.jpg
163,20,Male,Beauty & Personal Care,Neutrogena Hydro Boost Water Gel,4,https://encrypted-tbn0.gstatic.com/shopping?q=tbn:ANd9GcRCvNiCIPDcRKaVoLbz_7SilXD5vP5J7qnjvag9-R-l6e94-CeMaletl6KT7dNLcIg_oyqQy7dI8TK03xr_qEGrpIIAHaBANYe933K3Yn45y1UkFemale62hCXo0TTfYJWtT4jq0Kz4Femalee3YVw&usqp=CAc
164,23,Male,Electronics,Amazon Echo Dot,1,https://en.m.wikipedia.org/wiki/File:Amazon_Echo_Dot_(27716286638).jpg
165,23,Male,Clothing,Uniqlo T-Shirt,2,https://image.uniqlo.com/UQ/ST3/ca/imagesgoods/465836/item/cagoods_00_465836.jpg?width=750
166,23,Male,Beauty & Personal Care,Philips Trimmer,4,https://m.media-amazon.com/images/I/71J8X1sMNBL._AC_SL1500_.jpg
167,26,Male,Electronics,Fitbit Versa 3,4,https://i5.walmartimages.com/asr/56feb10b-ff13-4da…9f50.jpeg?odnHeight=612&odnWidth=612&odnBg=FFFFFF
168,26,Male,Books,The Alchemist by Paulo Coelho,3,https://m.media-amazon.com/images/I/71zHDXu1TaL._SL1500_.jpg
169,26,Male,Clothing,Levis Jeans,3,https://m.media-amazon.com/images/I/91kyBUuCBNL._AC_SX569_.jpg
170,26,Male,Beauty & Personal Care,Shaving Gel,3,https://m.media-amazon.com/images/I/51KIb1LkbXL._AC_SL1180_.jpg
171,27,Female,Electronics,Power Bank,1,https://m.media-amazon.com/images/I/61JaNhUrnVL._AC_SL1500_.jpg
172,27,Female,Books,Sapiens by Yuval Noah Harari,5,https://m.media-amazon.com/images/I/61ZKK6Y1nFL._SL1500_.jpg
173,27,Female,Clothing,H&M Jeans,5,https://sourcingjournal.com/wp-content/uploads/2021/12/JeansKK.jpg?w=492&h=656&crop=1
174,27,Female,Drinks,Starbucks Coffee,4,https://thelyndonfreighthouse.com/images/cold_brew_coffee_with_milk.jpg
175,32,Male,Electronics,Kindle Reader,4,https://m.media-amazon.com/images/I/81uFe2VxvQL._AC_SL1500_.jpg
176,32,Male,Books,The Diary of a Young Girl by Anne Femalerank,2,https://www.google.com/imgres?q=The%20Diary%20of%20a%20Young%20Girl%20by%20Anne%20Femalerank&imgurl=https%3A%2F%2Fm.media-amazon.com%2Fimages%2FI%2F71O7%2BoS69YL._AC_UF1000%2C1000_QL80_.jpg&imgrefurl=https%3A%2F%2Fwww.amazon.ca%2FDiary-Young-Girl-Definitive%2Fdp%2F0553577123&docid=CdvD8raFmwHmrM&tbnid=Rt8o0dV_P8aFtM&vet=12ahUKEwivptuk_rGFAxWbODQIHbGnCisQM3oECGMQAA..i&w=605&h=1000&hcb=2&ved=2ahUKEwivptuk_rGFAxWbODQIHbGnCisQM3oECGMQAA
177,32,Male,Web Series,Bridgerton,5,https://www.google.com/imgres?q=bridgeton&imgurl=https%3A%2F%2Fhips.hearstapps.com%2Fhmg-prod%2Fimages%2Fbridgerton-season2-1632817361.jpg&imgrefurl=https%3A%2F%2Fwww.elle.com%2Fuk%2Flife-and-culture%2Fculture%2Fa37787516%2Fbridgeton-royal-family-connections%2F&docid=yXw4N01sJwaaIM&tbnid=shO3J821ZJetFM&vet=12ahUKEwj6oLea_rGFAxVOOjQIHTXMBMkQM3oECBoQAA..i&w=1200&h=801&hcb=2&ved=2ahUKEwj6oLea_rGFAxVOOjQIHTXMBMkQM3oECBoQAA
178,32,Male,Clothing,Under Armour Sports Shoes,2,https://www.googleadservices.com/pagead/aclk?sa=L&ai=DChcSEwjEnr-Q_rGFAxVBAq0GHa5LAGwYABANGgJwdg&ase=2&gclid=Cj0KCQjwiMmwBhDmARIsABeQ7xRccTt7lyQ8DvvGWeU2M2aLEjj4B5FAmkf8ldPeCYSr8CjHYA3P2ocaAm5cEALw_wcB&ei=CY4TZp2nFMqs0PEPuuWTmAs&ohost=www.google.com&cid=CAESVuD24BI9_1wkAxwquYMS2OpQ7DN1OwK1-_NlXlULHGCLyKVNjXvnwvyMWc_oqHExMznz5mHQx4NKoBRgmZ9DeJusiP89OB12NIGZ7kMW7DFDz7DJ3dfq&sig=AOD64_3Djgf8myhNZZ4T6ShyxcarvMEXUg&ctype=5&q=&nis=4&sqi=2&ved=2ahUKEwjdz7eQ_rGFAxVKFjQIHbryBLMQwg8oAXoECAkQDA&adurl=
179,32,Male,Drinks,Cabernet Sauvignon Wine,1,https://www.google.com/aclk?sa=l&ai=DChcSEwimv7qF_rGFAxWEJq0GHTCfA9sYABADGgJwdg&ase=2&gclid=Cj0KCQjwiMmwBhDmARIsABeQ7xSYWp0UAWrMJ9Nh4X4j3lyj-qa7d8VNQlRskTPgr1EzyoEF2zk-dWYaAju3EALw_wcB&sig=AOD64_15UnKajO_x0mMd8XX5vT0mfUyoag&ctype=5&q=&nis=4&ved=0ahUKEwit-bSF_rGFAxVjADQIHZkgAqkQww8IgQo&adurl=
180,32,Male,Beauty & Personal Care,Cetaphil Gentle Skin Cleanser,3,https://m.media-amazon.com/images/I/71hoB1kabJL._AC_SL1500_.jpg
181,21,Male,Electronics,Sony PlayStation 5,3,https://www.walmart.ca/en/ip/PS5-Console-Marvel-s-Spider-Man-2-Bundle/6000207198782?offerId=6A99F2E1207232CA939899B09794D303
182,41,Male,Books,To Kill a Mockingbird by Harper Lee,1,https://www.google.com/imgres?q=to%20kill%20a%20mockingbird%20by%20harper%20lee&imgurl=https%3A%2F%2Fm.media-amazon.com%2Fimages%2FI%2F81aY1lxk%2B9L._AC_UF1000%2C1000_QL80_.jpg&imgrefurl=https%3A%2F%2Fwww.amazon.ca%2FKill-Mockingbird-Harper-Lee%2Fdp%2F0060935464&docid=2sJ6kbLjCp8ZLM&tbnid=DoCl4ueu3qmTZM&vet=12ahUKEwjlhILm_bGFAxUOHzQIHb46DyQQM3oECGIQAA..i&w=664&h=1000&hcb=2&ved=2ahUKEwjlhILm_bGFAxUOHzQIHb46DyQQM3oECGIQAA
183,41,Male,Web Series,Black Mirror,5,https://www.google.com/imgres?q=black%20mirror&imgurl=https%3A%2F%2Fhips.hearstapps.com%2Fhmg-prod%2Fimages%2Fblack-mirror-font-1513096756.jpg%3Fcrop%3D1xw%3A1xh%3Bcenter%2Ctop%26resize%3D980%3A*&imgrefurl=https%3A%2F%2Fwww.cosmopolitan.com%2Fentertainment%2Ftv%2Fg14416045%2Fblack-mirror-facts-trivia%2F&docid=FuldUrBl38olFM&tbnid=M_IZ14mqNPWWeM&vet=12ahUKEwiszcrX_bGFAxVHDzQIHZznASkQM3oECGsQAA..i&w=980&h=1339&hcb=2&ved=2ahUKEwiszcrX_bGFAxVHDzQIHZznASkQM3oECGsQAA
184,41,Male,Clothing,Levis Shirt,2,https://www.google.com/aclk?sa=l&ai=DChcSEwjtvbfE_bGFAxUZEK0GHcNIAE4YABADGgJwdg&ase=2&gclid=Cj0KCQjwiMmwBhDmARIsABeQ7xSPbE4ouU0QZ-fnfAIvhIafknYgiqUBmaebBER2_qmlrIUDh0LDTvEaAukuEALw_wcB&sig=AOD64_0SxBue-zIDfVj-Aaz_OhdqE2IE9Q&ctype=5&q=&nis=4&ved=0ahUKEwiWjLPE_bGFAxUiEDQIHSDgBGAQww8Ikw4&adurl=
185,41,Male,Drinks,Coffee,3,https://www.google.com/imgres?q=coffee&imgurl=https%3A%2F%2Fdynaimage.cdn.cnn.com%2Fcnn%2Fc_fill%2Cg_auto%2Cw_1200%2Ch_675%2Car_16%3A9%2Fhttps%253A%252F%252Fcdn.cnn.com%252Fcnnnext%252Fdam%252Fassets%252F150929101049-black-coffee-stock.jpg&imgrefurl=https%3A%2F%2Fwww.cnn.com%2F2020%2F10%2F01%2Fhealth%2Fcoffee-first-thing-in-the-morning-wellness%2Findex.html&docid=Cv3XC7IUjsbgJM&tbnid=9BRYXf3decopXM&vet=12ahUKEwisvbG6_bGFAxVQMDQIHYF8AxgQM3oECGQQAA..i&w=1200&h=675&hcb=2&ved=2ahUKEwisvbG6_bGFAxVQMDQIHYF8AxgQM3oECGQQAA
186,41,Male,Beauty & Personal Care,The Body Shop Tea Tree Oil,4,https://www.googleadservices.com/pagead/aclk?sa=L&ai=DChcSEwj08pWy_bGFAxVSFa0GHY1JAHEYABAHGgJwdg&ase=2&gclid=Cj0KCQjwiMmwBhDmARIsABeQ7xRuREqnvl2iXy72QWB7ZUKTkATvL8_GoAePSH0FlJxbszOs8dQ534EaAkfYEALw_wcB&ei=Q40TZqCYILq50PEP1uSOkAQ&ohost=www.google.com&cid=CAESVuD2ll01zY1bz0log7zLOSJhPzca6VRoBhRm7_OZ1Y6KAcScXeqkXCxJFZGlkbgwrwtqoUaTSOUwzOTSyQIXdaHSIjyTzRy8YKpxbvWP6qvgFgP3MIqI&sig=AOD64_31xTyf59rOrClnznBfnhfKRus78Q&ctype=5&q=&nis=4&sqi=2&ved=2ahUKEwjgxY6y_bGFAxW6HDQIHVayA0IQ9aACKAB6BAgCEC0&adurl=
187,43,Female,Electronics,Bose QuietComfort Headphones,1,https://www.google.com/aclk?sa=l&ai=DChcSEwiLg4Kq_bGFAxX7Aa0GHZBWBkEYABABGgJwdg&ase=2&gclid=Cj0KCQjwiMmwBhDmARIsABeQ7xTdt8qiBwC6e9L__PW8G2Yui9ur5Pe3JoiOcIEl2ihPDf-BECcQnfEaAm9QEALw_wcB&sig=AOD64_17Sf11DCccksfRjH7h14siK_CQ0A&ctype=5&q=&nis=4&ved=0ahUKEwjPyv2p_bGFAxVAIDQIHb7oBRkQww8IsAs&adurl=
188,43,Female,Home & Décor,Gallery Wall Frames Set,4,https://www.potterybarn.ca/products/wood-gallery-single-opening-frames-graywash/?catalogId=84&sku=8485284&cm_ven=FreePLA&cm_cat=Google&cm_pla=Pillows%20%26%20Decor%20%3E%20Gallery%20Wall%20Frames
189,43,Female,Wellness & Self-Care,Luxurious Bathrobe and Slippers,3,https://www.googleadservices.com/pagead/aclk?sa=L&ai=DChcSEwjrh_CT_bGFAxUbEa0GHScOAaEYABANGgJwdg&ase=2&gclid=Cj0KCQjwiMmwBhDmARIsABeQ7xS1VdoFctcAVTFLtqypHLhK6RH0z9POpHiTqt2hXskOHQzj43_OMhUaAlunEALw_wcB&ohost=www.google.com&cid=CAESVuD2MGuSUOMuh2wOg4CWGZkRntjl8PmHJcmJZVzkLaV1NQTZzvdYUElPCc-Opdzw6YsSf4XTjLu_ZeVYB_g1ZRUeSeLpOqJuQeZoPTdLx77xHqGTHpFT&sig=AOD64_1LkVe49juK__vgacWYbVXg9fqPng&ctype=5&q=&nis=4&ved=2ahUKEwiP-eaT_bGFAxVFJzQIHZWTDCoQ9aACKAB6BAgIEDg&adurl=
190,43,Female,Clothing,Formal Shirt,2,https://www.googleadservices.com/pagead/aclk?sa=L&ai=DChcSEwiN8LGH_bGFAxUhCK0GHZcGCyMYABALGgJwdg&ase=2&gclid=Cj0KCQjwiMmwBhDmARIsABeQ7xRGro8GKTBoFDLFF8RhoOoRyWusnJHDJ5MWWJJxJhEhSmGfHICOqr0aAlMfEALw_wcB&ohost=www.google.com&cid=CAESVuD2jyTq6rIdIRDo6iIt6OGiR2ocSPv0_0DIILexYhWNlIulONsDF6kYmRLcC29068ri-1TqLtC3JBtaXUDSPX8HDjxBhYbBgw_OaKKAcJZSSeWK_-vW&sig=AOD64_1oFSoTffCS_stuPMBlWRZfKTjADg&ctype=5&q=&nis=4&ved=2ahUKEwjz3amH_bGFAxX8ITQIHR6QAroQ9aACKAB6BAgIEDo&adurl=
191,43,Female,Drinks,Fresh Juice,5,https://www.googleadservices.com/pagead/aclk?sa=L&ai=DChcSEwia6LX7_LGFAxXiKK0GHfJYBTYYABAEGgJwdg&ase=2&gclid=Cj0KCQjwiMmwBhDmARIsABeQ7xQdgso5UuwyA27ZPxeh4-rFcNXMN8A47HGW4lI0gXXI0RN5JRj8A30aAu2FEALw_wcB&ohost=www.google.com&cid=CAESVuD2rGJ0NuNw5l-uuJ0UJLjLukVyEzfOncWwnE81EA67lH0WFlyhCQPKqtWSRDpTI0H2D2JjekAd9WE77Jadx7NRqwmJtH_d7GLj8HMBlX0SRnlVoSOF&sig=AOD64_00Fe-JmMJqk7_9-H4jEkNG5HumNQ&ctype=5&q=&nis=4&ved=2ahUKEwi-ga77_LGFAxW6HDQIHVayA0IQ9aACKAB6BAgCEA0&adurl=
192,43,Female,Beauty & Personal Care,Perfume,1,https://www.googleadservices.com/pagead/aclk?sa=L&ai=DChcSEwjbhNjw_LGFAxXuNa0GHcRGADIYABALGgJwdg&ase=2&gclid=Cj0KCQjwiMmwBhDmARIsABeQ7xTBMrcFm5ZJO6t2xs8K0PjUrPCFhSLnpEpcTmOTk1Tq4ArrJJ7T0EoaAmupEALw_wcB&ohost=www.google.com&cid=CAESVuD2QDncGUP2QUAyNKOTIIi5L4cFQCd0VPX4cx0v0syV-mYPR68vKUQR-TrIEgQeMeOR6CjwuxhGopETDg6vXQZ9YyPuTlsaXQtY1DIkeCQ7ezeXP2cl&sig=AOD64_3zHExj9Y8_fsp8pmHttOBlpQsx5A&ctype=5&q=&nis=4&ved=2ahUKEwin3tDw_LGFAxVxOTQIHVfqAD4Q9aACKAB6BAgGEDg&adurl=
194,46,Male,Electronics,Dell XPS 13 Laptop,2,https://www.bestbuy.ca/en-ca/product/dell-xps-13-9315-13-4-12th-gen-intel-core-i5-1230u-256-gb-ssd-8-gb-lpddr5/17853431?cmp=seo-17853431
194,46,Male,Tech & Gadgets,Virtual Reality Headset,1,https://www.googleadservices.com/pagead/aclk?sa=L&ai=DChcSEwjNzNDi_LGFAxV6O60GHda2AN8YABAQGgJwdg&ase=2&gclid=Cj0KCQjwiMmwBhDmARIsABeQ7xRCklsUJAKcmoesXEO7ncSbCFkMg4MzhLQvToUYua_K7cGjBtQdJhcaAo8MEALw_wcB&ei=nIwTZufMLLeu0PEP2vi6-AQ&ohost=www.google.com&cid=CAESVuD23NdIZHOZ4ETS5AdYa_FXzfTRZloJuNpMUa-k5SmXOyWMf335WDPMsyX5z8ExKMQGeCNrDW7BQJpZC63C4-1r3zOmZyHwwE_FGD3PkgVUYbW71cXL&sig=AOD64_2y-1asE9FV2Bj6Z3RvKLH5Hp0PZw&ctype=46&q=&nis=4&sqi=2&ved=2ahUKEwjnisri_LGFAxU3FzQIHVq8Dk8QzzkoAXoECAMQGQ&adurl=
195,46,Male,Lifestyle & Leisure,Outdoor Hammock,3,https://www.amazon.ca/Vivere-C8SPCT-00-Hammock-Stand-Natural-Neutral/dp/B01N7N0MIH?source=ps-sl-shoppingads-lpcontext&ref_=fplfs&psc=1&smid=A3DWYIK6Y9EEQB
196,46,Male,Tech & Gadgets,Outdoor Security Camera,3,https://www.googleadservices.com/pagead/aclk?sa=L&ai=DChcSEwi19uHT_LGFAxW9Aq0GHaeuAGIYABAJGgJwdg&ase=2&gclid=Cj0KCQjwiMmwBhDmARIsABeQ7xRVNcJs1fmwoWdPxixQ4qDZPTEK7Z92pDp2F6pmJyJXHjqj5Pe5mocaAtNdEALw_wcB&ohost=www.google.com&cid=CAESVuD2cXFa4bwhrxOViyAPjO04o2zu0Pm3UUMXz1EcGIm7tfBlKhWZBXKFkCYEYjiwvaoC7t4U5vEXegGHQ_yE2dDIy0LxzTOIdcIFmUHzZGJB31WOw49H&sig=AOD64_1bLJpqRv71u7kYh0VgUKfdqaAkag&ctype=5&q=&nis=4&ved=2ahUKEwiXp9nT_LGFAxXuDDQIHbr7B7oQwg8oAXoECAYQEw&adurl=
197,46,Male,Home & DIY,Tool Set with Organizer,2,https://www.uline.ca/Product/Detail/H-10670/Tool-Storage/Milwaukee-Packout-Storage-System-6-Piece-Kit?pricode=YO198
198,46,Male,Outdoor & Sports,Hiking Boots,4,https://www.googleadservices.com/pagead/aclk?sa=L&ai=DChcSEwjwhtrA_LGFAxVzE60GHVlBAz8YABADGgJwdg&ase=2&gclid=Cj0KCQjwiMmwBhDmARIsABeQ7xSbq472h0IwKrDj7F_DTRnZLnIo8V762draF7p0rKEv8PyG8hklSMsaApGNEALw_wcB&ei=VYwTZoPsIfKu0PEPwN-B4AE&ohost=www.google.com&cid=CAESVuD2pxdOL1VpU9T6KMtaBcm9NoiL--fTjG7SffO-uyIzLwCF-yp1Vqp6MOYajAqghvB9JoEKalmz-2a4EzSkc4Zi-CqDrFfEK-_1Q6K0s75y8PyqYNug&sig=AOD64_13r-B0C_1Y6ryDPv4UlwuuthJo9w&ctype=5&q=&nis=4&sqi=2&ved=2ahUKEwjD6tHA_LGFAxVyFzQIHcBvABwQ9aACKAB6BAgJEBw&adurl=